method,success_rate,avg_reward,budgeted_success,avg_cost,override_rate,override_win_rate,override_regret_rate,harmful_fraction,beneficial_fraction
stride_without_uncertainty_features,0.9625,59.67022836427041,0.9625,0.2771780303030303,0.0,0.0,0.0,0.0,0.0
stride_gate_plus_residual,0.8166666666666667,39.775677609349664,0.8166666666666667,0.3505160984848485,0.20170320606894127,0.17389059724997225,0.21004045433732935,0.21004045433732935,0.17389059724997225
