metric,hours
max,82852.7688888889
mean,8076.032016860664
median,142.95291666666668
min,0.0
