metric,hours
max,6269.316666666667
mean,307.7660320819627
median,240.1325
min,0.0
