metric,hours
max,83816.285
mean,11379.71457663099
median,143.99777777777777
min,0.0
