metric,hours
max,83185.99722222223
mean,9648.658902818523
median,95.99666666666667
min,0.0
