metric,hours
max,83816.285
mean,10495.159211390685
median,143.95055555555555
min,0.0
