{
  "success_rate": 0.00909090909090909,
  "avg_reward": -0.0893721750598001,
  "num_samples": 330
}