metric,hours
max,335.2288888888889
mean,143.46787414965988
median,120.10944444444445
min,0.6172222222222222
