metric,hours
max,2291.1530555555555
mean,399.48007625272334
median,227.32999999999998
min,0.11805555555555555
