metric,hours
max,2039.0383333333334
mean,151.9902
median,72.94722222222222
min,0.10055555555555555
