metric,hours
max,2039.0530555555556
mean,149.66333194444445
median,91.00583333333333
min,0.010833333333333334
