metric,hours
max,2039.0383333333334
mean,149.8917378559464
median,95.26388888888889
min,0.10055555555555555
