success_rate,avg_reward,avg_cost,avg_steps,override_rate,override_win_rate,override_regret_rate,harmful_fraction,beneficial_fraction,budgeted_success,action_entropy,seed
0.9375,54.03264086863569,0.2945075757575758,9.75,0.0,0.0,0.0,0.0,0.0,0.9375,0.9296348616480827,0
0.96875,60.679450367843486,0.27824337121212117,9.71875,0.0,0.0,0.0,0.0,0.0,0.96875,0.9521667491644621,1
0.96875,58.31987949553515,0.28529829545454544,9.5625,0.0,0.0,0.0,0.0,0.0,0.96875,0.9433192200958729,2
1.0,62.58746672034273,0.27568655303030304,9.5625,0.0,0.0,0.0,0.0,0.0,1.0,0.9347940590232611,3
1.0,67.95068803100011,0.25804924242424243,9.0625,0.0,0.0,0.0,0.0,0.0,1.0,0.924030901864171,4
