{
  "success_rate": 0.9625,
  "avg_reward": 60.10305964916802,
  "avg_cost": 0.2770217803030303,
  "avg_steps": 9.53125,
  "override_rate": 0.0,
  "override_win_rate": 0.0,
  "override_regret_rate": 0.0,
  "harmful_fraction": 0.0,
  "beneficial_fraction": 0.0,
  "budgeted_success": 0.9625,
  "action_entropy": 0.9415481071919203
}