{
  "success_rate": 0.009202453987730062,
  "avg_reward": -0.18628281102072977,
  "num_samples": 652
}