agent,avg_reward,std_reward,win_rate,starved_tasks,seed
random,10789.6444,4506.373411471072,0.76,5.2,16
skill_match,11153.466,9007.608876623963,0.8399999999999999,0.8,16
contract_first,21944.922000000002,1045.3065800883478,1.0,0.0,16
pattern_skeleton,21944.922000000002,1045.3065800883478,1.0,0.0,16
meta_strategy,21944.922000000002,1045.3065800883478,1.0,0.0,16
