agent,avg_reward,std_reward,win_rate,starved_tasks,seed
random,10953.469399999998,1911.3612455936839,0.8,4.2,22
skill_match,11405.421199999999,7968.515732493709,0.8800000000000001,0.6,22
contract_first,21767.087999999996,1263.5117471618532,1.0,0.0,22
pattern_skeleton,21767.087999999996,1263.5117471618532,1.0,0.0,22
meta_strategy,21767.087999999996,1263.5117471618532,1.0,0.0,22
