agent,avg_reward,std_reward,win_rate,starved_tasks,seed
random,11550.419199999998,5005.2063369002635,0.72,6.2,11
skill_match,15257.348999999998,7084.7569001415995,0.9199999999999999,0.4,11
contract_first,21187.742,1159.9222585914983,1.0,0.0,11
pattern_skeleton,21187.742,1159.9222585914983,1.0,0.0,11
meta_strategy,21187.742,1159.9222585914983,1.0,0.0,11
