agent,avg_reward,std_reward,win_rate,starved_tasks,seed
random,9995.4742,2808.958923713296,0.6799999999999999,4.8,24
skill_match,10298.564600000002,8374.263808836562,0.76,1.2,24
contract_first,21460.712,1356.160086013447,1.0,0.0,24
pattern_skeleton,21460.712,1356.160086013447,1.0,0.0,24
meta_strategy,21460.712,1356.160086013447,1.0,0.0,24
