agent,avg_reward,std_reward,win_rate,starved_tasks,seed
random,9401.347,4675.172862191943,0.76,2.8,25
skill_match,10385.5836,8314.863675978642,0.8399999999999999,0.8,25
contract_first,21113.139999999996,1063.5125587974976,1.0,0.0,25
pattern_skeleton,21113.139999999996,1063.5125587974976,1.0,0.0,25
meta_strategy,21113.139999999996,1063.5125587974976,1.0,0.0,25
