agent,avg_reward,std_reward,win_rate,starved_tasks,seed
random,13042.691600000002,1714.7355481465474,0.8400000000000001,2.4,13
skill_match,17958.814999999995,6165.749684278466,0.9199999999999999,0.4,13
contract_first,21168.971999999998,1252.9873706211097,1.0,0.0,13
pattern_skeleton,21168.971999999998,1252.9873706211097,1.0,0.0,13
meta_strategy,21168.971999999998,1252.9873706211097,1.0,0.0,13
