agent,avg_reward,std_reward,win_rate,starved_tasks,seed
random,10413.954399999999,2609.5732423737486,0.76,4.4,29
skill_match,12335.9928,8785.864752841086,0.8400000000000001,0.8,29
contract_first,20994.449999999997,1278.586801449163,1.0,0.0,29
pattern_skeleton,20994.449999999997,1278.586801449163,1.0,0.0,29
meta_strategy,20994.449999999997,1278.586801449163,1.0,0.0,29
