agent,avg_reward,std_reward,win_rate,starved_tasks,seed
random,8075.854600000001,3838.7183794236116,0.5999999999999999,8.4,28
skill_match,8191.662200000001,7731.96448589698,0.72,1.4,28
contract_first,20477.273999999998,956.4435131590371,1.0,0.0,28
pattern_skeleton,20477.273999999998,956.4435131590371,1.0,0.0,28
meta_strategy,20477.273999999998,956.4435131590371,1.0,0.0,28
