agent,avg_reward,std_reward,win_rate,starved_tasks,seed
random,11504.6044,2689.9662713884427,0.76,4.4,19
skill_match,11170.1318,8611.210213906717,0.8800000000000001,0.6,19
contract_first,21721.01,853.3227176865722,1.0,0.0,19
pattern_skeleton,21721.01,853.3227176865722,1.0,0.0,19
meta_strategy,21721.01,853.3227176865722,1.0,0.0,19
