agent,avg_reward,std_reward,win_rate,starved_tasks,seed
random,12575.829999999998,1891.7119600830358,0.8400000000000001,1.6,17
skill_match,11182.384000000002,9038.738346019029,0.8400000000000001,0.8,17
contract_first,21973.839999999997,1015.0391178274845,1.0,0.0,17
pattern_skeleton,21973.839999999997,1015.0391178274845,1.0,0.0,17
meta_strategy,21973.839999999997,1015.0391178274845,1.0,0.0,17
