agent,avg_reward,std_reward,win_rate,starved_tasks,seed
random,12399.074,2841.436880499723,0.8399999999999999,4.0,27
skill_match,12208.1954,8069.075949666892,0.8800000000000001,0.6,27
contract_first,20720.198,876.4762712909011,1.0,0.0,27
pattern_skeleton,20720.198,876.4762712909011,1.0,0.0,27
meta_strategy,20720.198,876.4762712909011,1.0,0.0,27
