agent,avg_reward,std_reward,win_rate,starved_tasks,seed
random,12507.767600000001,2971.763470415881,0.8400000000000001,2.4,15
skill_match,14867.758600000001,7985.616540743178,0.9199999999999999,0.4,15
contract_first,21387.0,1200.6466284798366,1.0,0.0,15
pattern_skeleton,21387.0,1200.6466284798366,1.0,0.0,15
meta_strategy,21387.0,1200.6466284798366,1.0,0.0,15
