agent,avg_reward,std_reward,win_rate,starved_tasks,seed
random,11609.289999999999,2968.621541712584,0.72,7.0,14
skill_match,15026.445199999998,7794.916210706191,0.8800000000000001,0.6,14
contract_first,21303.854,1145.7223419764496,1.0,0.0,14
pattern_skeleton,21303.854,1145.7223419764496,1.0,0.0,14
meta_strategy,21303.854,1145.7223419764496,1.0,0.0,14
