agent,avg_reward,std_reward,win_rate,starved_tasks,seed
random,9705.0766,4830.343433961755,0.64,7.4,21
skill_match,14783.875,7715.4750814308245,0.9199999999999999,0.4,21
contract_first,21359.764000000003,1124.2018287407288,1.0,0.0,21
pattern_skeleton,21359.764000000003,1124.2018287407288,1.0,0.0,21
meta_strategy,21359.764000000003,1124.2018287407288,1.0,0.0,21
