agent,avg_reward,std_reward,win_rate,starved_tasks,seed
random,12688.956600000001,2701.9639230192256,0.8400000000000001,2.4,12
skill_match,17907.222999999998,6122.441536112534,0.9199999999999999,0.4,12
contract_first,21117.379999999997,1170.057855304601,1.0,0.0,12
pattern_skeleton,21117.379999999997,1170.057855304601,1.0,0.0,12
meta_strategy,21117.379999999997,1170.057855304601,1.0,0.0,12
