agent,avg_reward,std_reward,win_rate,starved_tasks,seed
random,13542.15,4268.109655283003,0.9199999999999999,2.0,23
skill_match,14313.701200000001,8246.201252402696,0.8800000000000001,0.6,23
contract_first,21848.693999999996,1189.8307179863862,1.0,0.0,23
pattern_skeleton,21848.693999999996,1189.8307179863862,1.0,0.0,23
meta_strategy,21848.693999999996,1189.8307179863862,1.0,0.0,23
