agent,avg_reward,std_reward,win_rate,starved_tasks,seed
random,13941.775400000002,4965.318666497433,0.7999999999999999,3.4,18
skill_match,7811.062,6782.29894937895,0.8400000000000001,0.8,18
contract_first,21429.192000000003,927.3087297421484,1.0,0.0,18
pattern_skeleton,21429.192000000003,927.3087297421484,1.0,0.0,18
meta_strategy,21429.192000000003,927.3087297421484,1.0,0.0,18
