agent,avg_reward,std_reward,win_rate,starved_tasks,seed
random,13007.869999999999,3197.866368171126,0.8400000000000001,4.0,20
skill_match,11042.1544,8705.184760516655,0.8400000000000001,0.8,20
contract_first,21890.257999999998,1023.8624338728312,1.0,0.0,20
pattern_skeleton,21890.257999999998,1023.8624338728312,1.0,0.0,20
meta_strategy,21890.257999999998,1023.8624338728312,1.0,0.0,20
