agent,avg_reward,std_reward,win_rate,starved_tasks,seed
random,11107.458,4664.37802716032,0.76,6.0,26
skill_match,10719.5956,8721.797868042957,0.8400000000000001,0.8,26
contract_first,21447.152000000002,947.4143375820314,1.0,0.0,26
pattern_skeleton,21447.152000000002,947.4143375820314,1.0,0.0,26
meta_strategy,21447.152000000002,947.4143375820314,1.0,0.0,26
