agent,avg_reward,std_reward,win_rate,starved_tasks,seed
random,11548.714,4688.013327214845,0.8,5.0,30
skill_match,11914.8952,9175.728009943241,0.72,1.4,30
contract_first,20846.806000000004,1261.5081681003894,1.0,0.0,30
pattern_skeleton,20846.806000000004,1261.5081681003894,1.0,0.0,30
meta_strategy,20846.806000000004,1261.5081681003894,1.0,0.0,30
