seed,policy,avg_reward,std_reward,win_rate,starved_tasks,dropped_tasks,deadline_misses,market_starved,market_dropped
8,random,-307.1,10299.779985028807,0.164,30.8,9.2,0.0,101.6,61.8
8,skill_match,18799.2,10280.282708174906,0.4800000000000001,11.8,12.4,0.0,101.6,61.8
8,contract_first,225.0,30965.75301845573,0.332,18.0,13.4,0.0,101.6,61.8
8,pattern_skeleton,2688.0,31622.06897089436,0.34400000000000003,17.4,13.4,0.0,101.6,61.8
8,meta_strategy,-13830.0,32179.851770945123,0.22000000000000003,23.6,13.4,0.0,101.6,61.8
