agent,success_rate,avg_reward,avg_prompt_tokens,avg_completion_tokens,avg_steps,avg_total_tokens
always_decompose,0.0,-6.96,14400.0,4800.0,24.0,19200.0
always_direct,0.0,-7.180000000000003,28800.0,24000.0,24.0,52800.0
contextual_bandit,0.56,7.949074411765899,12168.0,8758.0,14.68,20926.0
double_dqn,0.04,-10.54266188176487,5728.0,3744.0,7.12,9472.0
dueling_double_dqn,0.16,-6.941563534497902,6920.0,4770.0,8.32,11690.0
heuristic_threshold,0.72,11.033820081236913,12004.0,9490.0,15.24,21494.0
