{
  "success_rate": 0.95,
  "avg_reward": 63.705365707554506,
  "avg_cost": 0.29473484848484854,
  "avg_steps": 10.7,
  "override_rate": 0.12112596553773022,
  "override_win_rate": 0.2276190476190476,
  "override_regret_rate": 0.12238095238095237,
  "harmful_fraction": 0.12238095238095237,
  "beneficial_fraction": 0.2276190476190476,
  "budgeted_success": 0.95,
  "action_entropy": 1.0457458794116974
}